GROUP,PACKAGE,CLASS,INSTRUCTION_MISSED,INSTRUCTION_COVERED,BRANCH_MISSED,BRANCH_COVERED,LINE_MISSED,LINE_COVERED,COMPLEXITY_MISSED,COMPLEXITY_COVERED,METHOD_MISSED,METHOD_COVERED
app,com.shopwise.app.service,SaleServiceImpl,55,203,4,4,7,44,7,10,4,9
app,com.shopwise.app.service,CategoryServiceImpl,44,52,2,0,10,13,4,5,3,5
app,com.shopwise.app.service,UserServiceImpl,99,12,2,0,14,5,8,1,7,1
app,com.shopwise.app.service,ProductServiceImpl,39,57,1,1,7,16,4,5,3,5
app,com.shopwise.app.mapper,UserMapperImpl,92,3,6,0,28,1,6,1,3,1
app,com.shopwise.app.mapper,ProductMapperImpl,26,90,5,5,10,24,5,5,1,4
app,com.shopwise.app.mapper,CategoryMapperImpl,26,54,6,4,11,14,6,4,2,3
app,com.shopwise.app.recommendation,RecommendationController,0,34,1,7,0,3,1,5,0,2
app,com.shopwise.app.recommendation,RecommendationService.Result,0,18,0,0,0,1,0,1,0,1
app,com.shopwise.app.recommendation,NeuralModel,0,467,0,46,0,43,0,28,0,5
app,com.shopwise.app.recommendation,NeuralRecommendationStrategy,27,12,2,2,5,4,3,1,1,1
app,com.shopwise.app.recommendation,JpaRecommendationDataProvider,0,17,0,0,0,5,0,3,0,3
app,com.shopwise.app.recommendation,RecommendationService,1,346,5,45,0,44,5,24,0,4
app,com.shopwise.app.controller,CategoryController,26,21,0,0,6,7,3,3,3,3
app,com.shopwise.app.controller,SaleController,19,15,0,0,4,5,3,3,3,3
app,com.shopwise.app.controller,AuthController,0,37,0,0,0,10,0,2,0,2
app,com.shopwise.app.controller,ProductController,16,31,0,0,4,9,2,4,2,4
app,com.shopwise.app.controller,UserController,28,6,0,0,6,3,5,1,5,1
app,com.shopwise.app.exception,NotFoundException,8,4,0,0,4,2,2,1,2,1
app,com.shopwise.app.exception,CustomExceptionHandler,13,104,0,0,3,24,1,11,1,11
app,com.shopwise.app.exception,ApiError,0,33,0,0,0,12,0,6,0,6
app,com.shopwise.app.dto.request,UpdateCategoryRequest,10,0,0,0,4,0,3,0,3,0
app,com.shopwise.app.dto.request,UpdateSaleRequest,3,0,0,0,1,0,1,0,1,0
app,com.shopwise.app.dto.request,UpdateUserRequest,3,0,0,0,1,0,1,0,1,0
app,com.shopwise.app.dto.request,CreateProductRequest,4,27,0,0,2,11,1,8,1,8
app,com.shopwise.app.dto.request,CreateCategoryRequest,7,3,0,0,3,1,2,1,2,1
app,com.shopwise.app.dto.request,UpdateProductRequest,31,0,0,0,13,0,9,0,9,0
app,com.shopwise.app.dto.request,CreateSaleRequest,0,17,0,0,0,7,0,5,0,5
app,com.shopwise.app.dto.request,CreateUserRequest,15,23,0,0,5,11,5,6,5,6
app,com.shopwise.app.dto.request,LoginRequest,0,17,0,0,0,7,0,5,0,5
app,com.shopwise.app.dto.request,UpdateSaleItemRequest,3,0,0,0,1,0,1,0,1,0
app,com.shopwise.app.dto.request,CreateSaleItemRequest,0,17,0,0,0,7,0,5,0,5
app,com.shopwise.app.dto.response,LoginResponse,0,21,0,0,0,8,0,4,0,4
app,com.shopwise.app.dto.response,ProductResponse,0,52,0,0,0,22,0,15,0,15
app,com.shopwise.app.dto.response,SaleItemResponse,0,38,0,0,0,16,0,11,0,11
app,com.shopwise.app.dto.response,SaleResponse,0,45,0,0,0,19,0,13,0,13
app,com.shopwise.app.dto.response,CategoryResponse,0,31,0,0,0,13,0,9,0,9
app,com.shopwise.app.dto.response,UserResponse,52,0,0,0,22,0,15,0,15,0
app,com.shopwise.app.security,CustomUserDetailsService,5,30,0,0,0,10,1,2,1,2
app,com.shopwise.app.security,JwtService,0,68,0,0,0,23,0,3,0,3
app,com.shopwise.app.entity,Sale,49,34,0,0,15,12,6,9,6,9
app,com.shopwise.app.entity,Category,47,24,0,0,14,8,6,6,6,6
app,com.shopwise.app.entity,Product,60,52,0,0,16,20,5,14,5,14
app,com.shopwise.app.entity,SaleItem,40,31,0,0,11,13,4,9,4,9
app,com.shopwise.app.entity,User,82,22,0,0,28,8,12,7,12,7
app,com.shopwise.app,AppApplication,5,3,0,0,2,1,1,1,1,1
app,com.shopwise.app.config,SecurityConfig,13,323,3,3,1,66,3,20,0,20
